id,index,title,content,image_urls,url,keyword,crawled_at,Eng_title,Eng_Contents,type,scam_topic,scam_method,matched_type_keyword,matched_topic_keyword,matched_method_keyword
1394427,0.0,해킹관련~도와주세요!!!,"안녕하세요?

이주한지 이제 2주차가 되었습니다.

오자마자 정신없이 시간보내고 어색하고 모르는게 투성인 가운데 아래와 같은 문자를 받고 

Texas (TxDMV) Final Notice: Enforcement Begins July 6th.

Our records show that as of today, you still have an outstanding traffic ticket. Pursuant to Texas Administrative Code 15C-16.003, if you fail to pay by July 5, 2025, we will take the following actions:

​

1. Report to TxDMV Violation Database

2. Suspend your vehicle registration effective July 5rd

3. Suspend driving privileges for 30 days

4. Go to a toll booth and pay a 35% service fee

5. You may be prosecuted and your credit score will be affected

Pay Now:

​

https://txdmv.gov-cxvs.live/pay

​

​

Please pay now, before enforcement, to avoid a license suspension and further legal trouble.

(Reply Y and reopen this message to click the link, or copy it to your browser.)

​

뭔가 위반한 것이 있나? 고민하다 어딘가에서 위반한 곳이 있었겠구나~싶어서 클릭하고 이름. 집주소. 연락처. Visa 카드번호를 입력했어요.

그런데 이 카드로 승인할 수 없다고 하여 신랑카드 번호를 또 입력했는데 그 카드도 안된다해서…

갑자기 신랑이 뭔가 좀 이상하다. 우리가 돈을 내더라도 어디서 위반했는지 자세히 알고해야지? 라고 얘기하며 검색을 해 본 결과 스팸. 피싱 문자였더라구요.

바로 카드를 정지시켰는데 새벽부터 어디선가 결제를 시작하는거에요ㅠㅠ

오늘은 두곳에서 또~

Visa카드 회사에서도 계속 연락이 오고…ㅠㅠ

도난 분실 신고하고 재발급 요청한 상태입니다.

그런데 조금전 또 결제 시도를 누군가하고 이상한 문자들이 너무 많이 오고 있어요!!!

월마트에서 여러번 2천불 정도 사용했는데 이멜도 계속오고 전 집에 있는데 조금전 월마트에서도 결제시도를 했어요.

신랑과 제 정보가 모두 유출된거 맞죠?

(이름.집주소.연락처)

연락처를 생성한지 이제 10일차거든요.

이럴 수 있는건가요?

카드는 해지해서 괜찮다해도 아이폰 안에 다른 앱들과 구글계정 계좌들이 해킹 당한게 아닐까 걱정이 한가득입니다.

어떤 조치를 취해야 할까요?

경험 있으신 분들 조언 좀 부탁드릴께요~

​

KICKSTARTER.COM          +13479902238 US

USD0.00 승인불가

07/07 03:52

​

GREENECARME              

KRW0 분실/도난카드 승인불가

07/07 10:17

​

​

WALMART.COM 8009256278   BENTONVILLE  US

USD0.00 카드사용정지 승인불가

07/07 10:44",,https://cafe.naver.com/ca-fe/ArticleRead.nhn?clubid=10854519&page=1&userDisplay=50&inCafeSearch=true&searchBy=0&query=%EC%8A%A4%EC%BA%A0&includeAll=&exclude=&include=&exact=&searchdate=all&media=0&sortBy=date&articleid=1394427&art=aW50ZXJuYWwtY2FmZS1hcnRpY2xlLXJlYWQtaW5DYWZlLXNlYXJjaC1saXN0.eyJ0eXAiOiJKV1QiLCJhbGciOiJIUzI1NiJ9.eyJjYWZlVHlwZSI6IkNBRkVfSUQiLCJhcnRpY2xlSWQiOjEzOTQ0MjcsImlzc3VlZEF0IjoxNzUyMDA2NjI3NzUwLCJjYWZlSWQiOjEwODU0NTE5fQ.VY90Uij3fHbe_k1YolnQ875bqeBqcsFpE4jkC1qXaEs&where=search&referrerAllArticles=true,스캠,2025-07-09 05:31:59,Please help me hacking !!!,"hello?

It has been the second week since I moved.

As soon as I came, I spent time and I received the text like the following

Texas (TXDMV) Final Notice: Enforcement Begins Jury 6th.

Our records show that as of today, you still has an outstanding Traffic Ticket.Pursuant to Texas Administrative Code 15C-16.003, if you fail to pay by by Jule 5, 2025, we will take the Following Actions:

​

1. Report to txdmv Violation Database

2. SUSPEND YOUR Vehicle Registration Effective Jury 5RD

3. SUSPEND Driving Privileges for 30 days

4. Go to a to to toll Booth and Pay a 35% Service Fee

5. You May Be ProseCuted and Your Credit Score will be

Pay Now:

​

https://txdmv.gov-cxvs.live/pay

​

​

Please Pay Now, Before Enforcement, to Avoid a License SUSPENSION and Further Legal Troubles.

(Reply Y and Reopen this Message to Click the link, or copy it to your browser.)

​

Is there anything in violation?There must have been a violation somewhere.House address.contact.I entered the VISA card number.

But I couldn't approve it with this card, so I entered another bridegroom card number.

Suddenly the groom is a bit weird.Even if we pay for it, do you have to know where we violated?I said that I searched and spam.It was a phishing character.

I stopped the card right away, but I'm starting to pay somewhere from dawn.

Today is again in two places ~

The VISA card company continues to contact you…ㅠㅠ

I reported theft and requested a recurrence.

By the way, somebody attempts to pay a while ago and there are too many strange characters coming !!!

I've spent about $ 2,000 in Wal -Mart several times, but I keep coming and I'm at home.

The groom and my information are leaked, right?

(Name. House Address. Contact)

It's been 10 days since I created a contact.

Can you do this?

Even if the card is okay, there is a lot of worry that other apps and Google accounts have been hacked inside the iPhone.

What action should I take?

If you have experienced, please give me some advice ~

​

Kickstarter.com +13479902238 US

USD0.00 cannot be approved

07/07 03:52

​

Greenecarme

KRW0 Sulbs/Approval of theft Card

07/07 10:17

​

​

Walmart.com 8009256278 Bentonville Us

USD0.00 Card Use Unable to approve the suspension

07/07 10:44",experience,investment,link+sms,API,결제,http+문자
1392169,,클리블랜드 다운타운 룸메 구해요.,"다운타운 집값이 너무 비싸서 룸메이트를 구하면 어떨까 생각해 글을 올려요. 기간은 가을학기 시작할때쯤 8월 중순이구요, 참고로 저는 여자이고 간호학과 학생입니다 ! 혹시 여기서 룸메가 안구해진다면 추천 사이트같은게 있을까요? 다들 페이스북에서만 구하시나요? ",,https://cafe.naver.com/ca-fe/ArticleRead.nhn?clubid=10854519&page=1&userDisplay=50&inCafeSearch=true&searchBy=0&query=%EC%8A%A4%EC%BA%A0&includeAll=&exclude=&include=&exact=&searchdate=all&media=0&sortBy=date&articleid=1392169&art=aW50ZXJuYWwtY2FmZS1hcnRpY2xlLXJlYWQtaW5DYWZlLXNlYXJjaC1saXN0.eyJ0eXAiOiJKV1QiLCJhbGciOiJIUzI1NiJ9.eyJjYWZlVHlwZSI6IkNBRkVfSUQiLCJhcnRpY2xlSWQiOjEzOTIxNjksImlzc3VlZEF0IjoxNzUyMDA2NjI3NzUwLCJjYWZlSWQiOjEwODU0NTE5fQ.lm53KxhwVLKAqTBKtLQTcsz_IhYnOkqr4sKs8N27wMA&where=search&referrerAllArticles=true,스캠,2025-07-09 05:33:24,I get a cleveland downtown room.,"The downtown house is too expensive, so I think about getting a roommate.The period is mid -August at the beginning of the fall semester. For reference, I am a woman and a nursing student!If you have a room for a room here, is there a recommended site?Do you all get on Facebook?",discussion,job_offer,social,API,페이,API
1386780,,뉴욕 영사관,"김호*  이라는 어느 직책의 남자가 전화를 해서.. 이름확인을하고 본인 확인차 묻고 

​

전에 전화하지안았냐고 되묻자...그냥 끊음..

​

이거 뭐 예요?  저 작년 여름쯤에도 이런 이상한 

전화 받은적 있거든요!!  근데 전 영사관에서 전화받을일이 1도 없거든요",https://cafeptthumb-phinf.pstatic.net/MjAyNTA2MThfMjY5/MDAxNzUwMTkwMDQzNjMy._unUAxYpouDiuQeYzSyKvoaZj2WPhoO1R3aPjShdCL0g.l-UR_wPNoIIKZs9hE7sO6YkI_E_6mAClzlQ2faMz5zQg.JPEG/Screenshot%EF%BC%BF20250617%EF%BC%BF155123%EF%BC%BFPhone.jpg?type=w1600,https://cafe.naver.com/ca-fe/ArticleRead.nhn?clubid=10854519&page=1&userDisplay=50&inCafeSearch=true&searchBy=0&query=%EC%8A%A4%EC%BA%A0&includeAll=&exclude=&include=&exact=&searchdate=all&media=0&sortBy=date&articleid=1386780&art=aW50ZXJuYWwtY2FmZS1hcnRpY2xlLXJlYWQtaW5DYWZlLXNlYXJjaC1saXN0.eyJ0eXAiOiJKV1QiLCJhbGciOiJIUzI1NiJ9.eyJjYWZlVHlwZSI6IkNBRkVfSUQiLCJhcnRpY2xlSWQiOjEzODY3ODAsImlzc3VlZEF0IjoxNzUyMDA2NjI3NzUwLCJjYWZlSWQiOjEwODU0NTE5fQ.6Ka6YVfMjZh4-TciqEfBDUsQYHzRMnrthJUus9aTB0E&where=search&referrerAllArticles=true,스캠,2025-07-09 05:34:09,New York Consulate,"A man in a position called Kim Ho* calls and confirms his name and asks him.

​

Let's ask if you didn't call before ... just stop ...

​

What is this?Even in the summer of last year, this strange

I've answered the phone !!But I have nothing to answer from the consulate.",experience,vishing,call,API,전화,전화
1381806,,Ssn 유출 scam 스캠 사기 관련 credit 확인/freeze,"안녕하세요, 매번 글 남길때마다 도움 주시는 분들께 진심으로 감사드립니다.

​

제가 멍청하게 scam 문자를 받고 제 개인 정보를 입력했습니다( ssn last 4 digits 포함) 그리고 카드 정보 입력창으로 넘어갔는데, 그때 이상함을 감지해서 카드 정보는 입력하지 않고 창을 닫았는데요. (scam 내용은 MVA ticket 관련 문자 내용입니다... 받으신 분이 많으신거 같던데 전 멍청하게 그 링크로 들어갔네요... 필리핀 번호던데 하..ㅠㅠ) 이후 미준모 에서 정보를 열심히 찾고 읽어서 조치를 취하고 있는 상태입니다.

​

제가 여쭤보고 싶은거는,

4월 말쯤에 처음으로 credit card 를 만들고 사용한지 한달 조금 넘었는데, 혹시 지금쯤이면 credit 이 쌓였을까요?

어렵게 Transunion 에 가입을 하긴 했는데, credit 확인이 안되네요... Credit karma 는 제 이메일로 계정이 이미 가입되어있다고 나오길래 로그인을 하려고 해도 아래 사진처럼 정보가 없다고 나오네요;; 크레딧 확인이랑 freeze 하려고 해도 크레딧 정보가 안나와서 이래저래 어쩌지 못하는 상황인데 혹시 이럴때는 어떻게 해야하는지 아시는분 계실까요...ㅠㅠ

미리 정말 감사드립니다ㅠㅠ 

​

제가 학생신분이라 다행이라면서 저보고 다들 너무 크게 심각하게 걱정한다고 그래가지고요... 지금은 한국이라 vpn 돌려가면서 알아보는 중인데, vpn 돌려도 한국이라 가입이 안되는건지 모르겠습니다...

​",https://cafeptthumb-phinf.pstatic.net/MjAyNTA2MDRfMjAx/MDAxNzQ5MDEzMDM2NjYx.edou-pFeFsbZ3KntNpux9V0kpWMZWQFxQWnyIGCzU8Mg.82HjOOXmmGlktIbyCEbU_JVFjn0vYr5xVDu9zTcnGRcg.JPEG/IMG%EF%BC%BF7948.jpg?type=w1600,https://cafe.naver.com/ca-fe/ArticleRead.nhn?clubid=10854519&page=1&userDisplay=50&inCafeSearch=true&searchBy=0&query=%EC%8A%A4%EC%BA%A0&includeAll=&exclude=&include=&exact=&searchdate=all&media=0&sortBy=date&articleid=1381806&art=aW50ZXJuYWwtY2FmZS1hcnRpY2xlLXJlYWQtaW5DYWZlLXNlYXJjaC1saXN0.eyJ0eXAiOiJKV1QiLCJhbGciOiJIUzI1NiJ9.eyJjYWZlVHlwZSI6IkNBRkVfSUQiLCJhcnRpY2xlSWQiOjEzODE4MDYsImlzc3VlZEF0IjoxNzUyMDA2NjI3NzUwLCJjYWZlSWQiOjEwODU0NTE5fQ.A8SlhNEx4fSVMre4ZTDKFhL6cfEtg-rxNq5T72ccQ-U&where=search&referrerAllArticles=true,스캠,2025-07-09 05:34:53,SSN Leaked SCAM Scam Sagi Related Credit Confirmation/Freeze,"Hello, thank you for your help every time you leave.

​

I stupidly received a scam text and entered my personal information (including SSN Last 4 digits) and I went to the card information input window.(SCAM content is a text about MVA Ticket ... I think you have a lot of people, but I'm stupid in that link.

​

I want to ask you,

It's been a little longer than a month since I made a Credit Card for the first time by the end of April.

It's hard to join the transunion, but I can't check the Credit ... Credit Karma is already signed up by my email, so even if you try to log in, there is no information like the picture below;Even if you try to check the credit and freeze, the credit information doesn't come out, so you can't do this.

Thank you very much in advance.

​

I'm glad I'm a student, so I'm so seriously worried about it ... I'm looking for VPN because it's Korea.

​",action_help,tuition_fraud,email+link+sms,어떻게 해야,API,링크+메일+문자+이메일
1380376,,기프트카드 이것좀 봐주세요..ㅠㅠ,"참 이상한 일이네요.. 

지인한테 선물받은 기프트 카드 인데 

잔액이 26불 있었거든요 

그래서 남은 잔액을 쓰려고 퍼블릭스에 

가서 쓰려고 보니 잔액이 없는거예요.. 

그래서 크레딧 카드로 30불을 결제하고 나오는데 

​

 몇 일전 받은 메일 하나가 생각나서 

들어가 확인해보니 제가 

밥말리에게 26불을 보냈다는 메일이였어요 

그냥 스캠이겠거니 넘겼는데 

기프트 카드 조회해보니 

그 밥말리에게 돈이 결제가 되어있더라구요 

중요란한건 전 페이팔을 쓰지도 않고 

가입한적도 없거든요.. 

대체 이게 뭘까요 

영어도 잘못하는데 ㅠㅠ 전화도 못하겠어서요 ㅠㅠ ","https://cafeptthumb-phinf.pstatic.net/MjAyNTA1MzFfNDUg/MDAxNzQ4NjM4MDgxNDk2.XdlxyqunPWXUVgHyW4HTc5Sgy7c33iLHqq2Vsu8SyS0g.jYY60kPmcynoQ3AcjA5nu_v4-hDnNbUTLvGFsliNH6sg.JPEG/output%EF%BC%BF4075583917.jpg?type=w1600,https://cafeptthumb-phinf.pstatic.net/MjAyNTA1MzFfMTQ0/MDAxNzQ4NjM4MDgxMjM0.-WB0MYbRmE8iGdLl-jeDPwmOvSnspPTuDeOcsQTChcgg.YotziyiqkhfnFqFr8Nji2qdbUX3u-WktGXPiXLAEOiMg.JPEG/output%EF%BC%BF1253536321.jpg?type=w1600,https://cafeptthumb-phinf.pstatic.net/MjAyNTA1MzFfMTg1/MDAxNzQ4NjM4MDgyMDIz.D9cavOa-PmzzRazNnYKFBf7sq5oMx3dVJm9sNPDL8_Mg.CalzxVA67F4ltupFa-7nJFXRKne2APFLXfEjZgWIR6Ag.PNG/IMG%EF%BC%BF3586.PNG?type=w1600",https://cafe.naver.com/ca-fe/ArticleRead.nhn?clubid=10854519&page=1&userDisplay=50&inCafeSearch=true&searchBy=0&query=%EC%8A%A4%EC%BA%A0&includeAll=&exclude=&include=&exact=&searchdate=all&media=0&sortBy=date&articleid=1380376&art=aW50ZXJuYWwtY2FmZS1hcnRpY2xlLXJlYWQtaW5DYWZlLXNlYXJjaC1saXN0.eyJ0eXAiOiJKV1QiLCJhbGciOiJIUzI1NiJ9.eyJjYWZlVHlwZSI6IkNBRkVfSUQiLCJhcnRpY2xlSWQiOjEzODAzNzYsImlzc3VlZEF0IjoxNzUyMDA2NjI3NzUwLCJjYWZlSWQiOjEwODU0NTE5fQ.jWEuuNiWicWxGsWFO2jf-GKihfg6-6wAuQ3CQ7EQ4X4&where=search&referrerAllArticles=true,스캠,2025-07-09 05:35:39,Please look at this gift card .. ㅠㅠ,"It's strange ...

This is a gift card received from an acquaintance

The balance was $ 26

So in the public to use the remaining balance

I tried to go and use it.

So I pay $ 30 with a credit card

​

I remember a mail I received a few days ago

I went in and checked it

It was an e -mail that I spent $ 26 to Bob Mali.

It's just a scam, so I passed it over

I looked up the gift card

The money was paid to Mali.

The important thing is that I don't use PayPal

I never signed up ...

What the hell is this

English is also wrong, but I can't call you ㅠㅠ",experience,vishing,call+email+payment_platform,API,전화,메일+전화+페이팔
1377727,,세금신고 스캠 의심 도와주세요,"안녕하세요.

급한 마음에 두서없이 적는 점 양해부탁드립니다.

​

지난 3월 택스서류를 state,federal 각각의 주소로 우편으로 부쳤습니다. 메일 트랙킹했을때 둘다 잘 도착한 건 확인을 했습니다.

​

state서류는 금방 처리되어 완료되었고요,

​

근데 federal서류는 한참동안 처리중 상태이더니,

2주전쯤 IRS에서 메일이 왔길래 열어보니 본인인증? verification 단계가 필요하다고 해서, 사이트 들어가서 시키는대로 절차 다 마쳤습니다. 그런데 그 스텝 이후에 제 이름으로 접수된 서류가 scam으로 의심된다며 절차를 중단하겠다는 식의 메시지가 뜨더라고요. (이때 당시엔 정말 제 정보가 도용된 줄 알고 놀랐었습니다.)

​

그리고 나선... 웹사이트에서 처리 상태 조회하면 filing된 서류가 없다고 뜨고 계속 그 상태입니다..

verification 진행 전까지 서류 처리중 상태였는데, 이제는 서류가 없다고 뜨는 걸로 봐서 제 서류가 스캠으로 오인을 받았을 가능성이 있는데요

1. 정말 다른 누군가 스캠서류를 보냈다 해도, 제 서류는 여전히 살아있어야 하지 않나요? 우편은 잘 도착했거든요. 

1-2. 스캠의심으로 인해 제 서류도 함께 임의중단 된거면, 어떻게 다시 재개시킬 수 있을까요?

2. 제 진짜 서류가 가짜로 잘못 판별이 된 경우라면 이걸 어떻게 해명하고 바로잡을 수 있을까요.

​

제가 이 상황에서 어디에 어떻게 문의하고 해결해야 할지 조금이나마 아시는 분 있다면 조언해주시면 정말 감사드리겠습니다.

이미 마감시한도 한참 지나서 새로 똑같은 서류를 준비해서 보내도 되는건지도 모르겠습니다..지금이라도 새로 보내는 게 나을까요?

어딘가에 전화를 한다고 해도 이 상황을 어떻게 설명해야 할지도 모르겠습니다. 추측일 뿐이고 이 상황을 맞게 이해하고 있는 건지 모르겠어서요 ㅠㅠ

​",,https://cafe.naver.com/ca-fe/ArticleRead.nhn?clubid=10854519&page=1&userDisplay=50&inCafeSearch=true&searchBy=0&query=%EC%8A%A4%EC%BA%A0&includeAll=&exclude=&include=&exact=&searchdate=all&media=0&sortBy=date&articleid=1377727&art=aW50ZXJuYWwtY2FmZS1hcnRpY2xlLXJlYWQtaW5DYWZlLXNlYXJjaC1saXN0.eyJ0eXAiOiJKV1QiLCJhbGciOiJIUzI1NiJ9.eyJjYWZlVHlwZSI6IkNBRkVfSUQiLCJhcnRpY2xlSWQiOjEzNzc3MjcsImlzc3VlZEF0IjoxNzUyMDA2NjI3NzUwLCJjYWZlSWQiOjEwODU0NTE5fQ.F9rHuAXJp8KeUpzURJRIsGRFz_ca-1d4tPPO5NdYX3o&where=search&referrerAllArticles=true,스캠,2025-07-09 05:37:03,Help suspicion of tax return scam,"hello.

Please note that you are in a hurry.

​

In March, the Tax Books were mailed to each of State and Federal.When I tracked the mail, I confirmed that both arrived well.

​

State documents were quickly processed and completed,

​

But the Federal documents have been processed for a while,

Two weeks ago, the mail came from the IRS, so I opened it.Since the Verification step is needed, the procedure has been completed as soon as I go to the site.However, after that step, the documents received by my name were suspected of suspicion of SCAM, and there was a message that would stop the procedure.(At this time, I was surprised to know that my information was really stolen.)

​

And Spirit ... If you look up the processing status on the website, there is no filing documents.

I was in the process of handling the documents before the verification, but now it is possible that my documents have been mistaken for scam because they say that there is no document.

1. Even if someone else sent a scam document, shouldn't my documents still be alive?I arrived well.

1-2.How can I resume my documents randomly because of the suspicious of the scam?

2. If my real documents are wrongly discriminated by fake, how can I explain and correct this?

​

If you know how to contact and solve in this situation, please give me a little bit of advice.

You may be able to prepare the same new documents after a long time deadline.

Even if you call somewhere, I don't know how to explain this situation.It's just a guess and I don't know if I understand this situation.

​",scam_check,delivery,call+email+sms,API,우편,메시지+메일+전화
1375486,,성의없큰 스캠 문자,DMV에서 보낸 문자지만 발신지가 필리핀인 성의없는 스캠 문자가 종종 오네요 ㅋㅋㅋ 다들 스캠 조심하세요~,,https://cafe.naver.com/ca-fe/ArticleRead.nhn?clubid=10854519&page=1&userDisplay=50&inCafeSearch=true&searchBy=0&query=%EC%8A%A4%EC%BA%A0&includeAll=&exclude=&include=&exact=&searchdate=all&media=0&sortBy=date&articleid=1375486&art=aW50ZXJuYWwtY2FmZS1hcnRpY2xlLXJlYWQtaW5DYWZlLXNlYXJjaC1saXN0.eyJ0eXAiOiJKV1QiLCJhbGciOiJIUzI1NiJ9.eyJjYWZlVHlwZSI6IkNBRkVfSUQiLCJhcnRpY2xlSWQiOjEzNzU0ODYsImlzc3VlZEF0IjoxNzUyMDA2NjI3NzUwLCJjYWZlSWQiOjEwODU0NTE5fQ.CYf5VMGJ35RnNkQuOFZwUsQ7SDTedQb4m_IteU8yqCw&where=search&referrerAllArticles=true,스캠,2025-07-09 05:38:28,Light scam text,"It's a text from DMV, but the sashimi is a Philippines without sincerity.",warning,delivery,sms,조심하세요,API,문자
1375007,,여기서 체크 받으신분 있으신가요?,"​

여기에서 체크가 왔는데 뒷장에 보니

Settlement ID와 Record update verification 이 있더라구요.

​

이전에 캘포랑 가스회사랑 뭔일이 있다는 것만 라디오에서 들었는데 이게 스캠일까요?

​

혹시 받으신분 계실까요? 오늘 왔어요.",https://cafeptthumb-phinf.pstatic.net/MjAyNTA1MTVfMTY1/MDAxNzQ3MjUwMDg4NTU2.GlRrMWxiOw-abx504QV39yQ8W-LQjYw1Vv4bj2d7CPkg.MaLtKmx9sL30eio_I4MfLLoao-Y4P9yRIHPO2_APnCMg.JPEG/IMG_4734.JPG?type=w1600,https://cafe.naver.com/ca-fe/ArticleRead.nhn?clubid=10854519&page=1&userDisplay=50&inCafeSearch=true&searchBy=0&query=%EC%8A%A4%EC%BA%A0&includeAll=&exclude=&include=&exact=&searchdate=all&media=0&sortBy=date&articleid=1375007&art=aW50ZXJuYWwtY2FmZS1hcnRpY2xlLXJlYWQtaW5DYWZlLXNlYXJjaC1saXN0.eyJ0eXAiOiJKV1QiLCJhbGciOiJIUzI1NiJ9.eyJjYWZlVHlwZSI6IkNBRkVfSUQiLCJhcnRpY2xlSWQiOjEzNzUwMDcsImlzc3VlZEF0IjoxNzUyMDA2NjI3NzUwLCJjYWZlSWQiOjEwODU0NTE5fQ.IaqkEJu5hzsslL1_5wQtO5Qb098M6mJHxwnssQZPbA0&where=search&referrerAllArticles=true,스캠,2025-07-09 05:39:13,Have you been checked here?,"​

I checked here, but I saw it on the back.

There are Settlement ID and Record Update Verification.

​

I only heard on the radio that there is something with the Calorang gas company before. Is this a scam?

​

Have you ever received it?I'm here today.",scam_check,impersonation,call,API,API,API
1373056,,반려견/고양이 ESA Letter 질문,"사진은 저희집 고양이 차차가 쿨쿨 자는 모습이에요.

10시간 넘게 비행기 태울 생각 하니 애처롭네요.

​

남편 미국 학교 기숙사에 고양이를 데려가고 싶어서 ESA : Emotional Support Animal(감정 지원 동물) 등록 알아보는 중입니다.

후기 찾아보니 보통 항공사 제출용으로 많이들 발급 받으신 것 같아요.

​

온라인 업체는 스캠이 많다고 해서 알아보니 네이버 블로그 후기 있는 곳은 몇군데 보이네요.

그런데 미국, 특히 조지아주나 학교에서 이런 온라인 레터가 유의미한지 궁금합니다.

남편이 감정적으로 지원받아야 될 정신 문제가 있는 상태는 아니라서, 편법이기도 해서요.

​

물론 학교에 직접 문의하는 것이 가장 정확하겠지만...

일반적인 사항이 궁금해서, 경험 있으신 분들의 조언을 구합니다!

​

감사합니다. 좋은 하루 되세요!

​",https://cafeptthumb-phinf.pstatic.net/MjAyNTA1MDlfMjA0/MDAxNzQ2NzUwOTI0NjIw.aJh-b1j0evbzyrxhGQ6WWkXJXtQBeqsAYzoG2SjpLk0g.6tSfEX9ZEfhIG8x5h4PqMBOrFMZc9iJ4o5zEFvW4_iEg.JPEG/1280%EF%BC%BF20250503%EF%BC%BF093127.jpg?type=w1600,https://cafe.naver.com/ca-fe/ArticleRead.nhn?clubid=10854519&page=1&userDisplay=50&inCafeSearch=true&searchBy=0&query=%EC%8A%A4%EC%BA%A0&includeAll=&exclude=&include=&exact=&searchdate=all&media=0&sortBy=date&articleid=1373056&art=aW50ZXJuYWwtY2FmZS1hcnRpY2xlLXJlYWQtaW5DYWZlLXNlYXJjaC1saXN0.eyJ0eXAiOiJKV1QiLCJhbGciOiJIUzI1NiJ9.eyJjYWZlVHlwZSI6IkNBRkVfSUQiLCJhcnRpY2xlSWQiOjEzNzMwNTYsImlzc3VlZEF0IjoxNzUyMDA2NjI3NzUwLCJjYWZlSWQiOjEwODU0NTE5fQ.OWBC7rupaQeA2HOFC9xRijkAunWgAZrlwF791qf-Fd8&where=search&referrerAllArticles=true,스캠,2025-07-09 05:39:57,Dog/Cat ESA Letter Question,"The picture shows that my cat is sleeping cool.

I'm worried about burning the plane for more than 10 hours.

​

I want to take a cat to my husband's American school dormitory, so I'm trying to register EMOTIONAL SUPPORT Animal.

I found that I was usually issued for submission of airlines.

​

Online companies have a lot of scams, so I see a few places in the Naver blog.

But I wonder if this online letter is meaningful in the United States, especially Georgia.

It's not a mental problem that my husband should be emotionally supported, so it's a shortcut.

​

Of course, it is most accurate to contact the school directly, but ...

Wondering about the usual matters, I look for advice from those who have experienced!

​

thank youhave a good day!

​",discussion,delivery,chat_app,API,API,라인
1372347,,미국학원 수강료 결제방법 문의드립니다,"아이가

운동  배우기를 원해서

체육관 등록을 하려 합니다

미국인이 운영하는 곳인데

수강료 결제를 카드 정보입력과 주소 등

모두 기재하더라구요

결제일을 15일 이런 식으로 정해서 자동이체 되는 방식이에요

이렇게 되면 학원을 끊고 싶을 때 번거로울 것 같기도 하구요

문제가 생기면 영어도 부족한 제가 해결하기가 힘들어 보여요

 또

정보가  유출되면

모르는 사람들이

카드번호로 인터넷 결제도 될 것 같은데요

불안합니다

이런 결제 시스템이 일반적인지요

 아니면 원장샘에게 직접 송금을 해도 되는지 궁금해요",,https://cafe.naver.com/ca-fe/ArticleRead.nhn?clubid=10854519&page=1&userDisplay=50&inCafeSearch=true&searchBy=0&query=%EC%8A%A4%EC%BA%A0&includeAll=&exclude=&include=&exact=&searchdate=all&media=0&sortBy=date&articleid=1372347&art=aW50ZXJuYWwtY2FmZS1hcnRpY2xlLXJlYWQtaW5DYWZlLXNlYXJjaC1saXN0.eyJ0eXAiOiJKV1QiLCJhbGciOiJIUzI1NiJ9.eyJjYWZlVHlwZSI6IkNBRkVfSUQiLCJhcnRpY2xlSWQiOjEzNzIzNDcsImlzc3VlZEF0IjoxNzUyMDA2NjI3NzUwLCJjYWZlSWQiOjEwODU0NTE5fQ.TQ_cb93Hj2Eg_JYJ4oyFI_Q1e4OiHSQ_DpED2VUdXvk&where=search&referrerAllArticles=true,스캠,2025-07-09 05:41:23,I would like to contact us for the US Academy of Teaching.,"Child

I want to learn exercise

I want to register a gym

It's an American run

Tuition payment payment is made to enter card information and address

Everyone is listed

The payment date is set in this way on the 15th, and it is automatically transferred.

If you do this, it may be cumbersome when you want to stop the academy.

If there is a problem, it seems difficult to solve the lack of English.

also

When information is leaked

People who don't know

I think it will be paid on the Internet with the card number.

Anxiety

Is this payment system common?

Or I wonder if you can send money directly to the ledger fountain.",discussion,investment,call,API,결제,API
1369299,,"톨비요금 미납 경고문 내용도 없이 첨부파일만 문자로 왔는데,이것 100% 스캠일까요?고민끝에 문의드립니다.","2월에 통행료 내야하는 구간 이용한 기억이 전혀없는데,최근에 문자로 내용도 없이 첨부파일 PDF 형태로 이와같은 톨비 미납 경고문이 왔어요.그리고 15일내 미납요금 Pay Now 하라고 왔구요.이와 같은 문자 받아보신분 있을까요? 아니면 100% 사기 스캠일까요?",https://cafeptthumb-phinf.pstatic.net/MjAyNTA0MjZfODMg/MDAxNzQ1NjE5MzM0NDE4.AsJ7BKogLjXKkA2gSGSuelxxQfLC4rokgekkKyms468g.xiho48FA9i0m_myfJR8lG7ladP0XTyKbo-aeAJV6mnUg.JPEG/1280%EF%BC%BFScreenshot%EF%BC%BF20250425%EF%BC%BF180738%EF%BC%BFGallery.jpg?type=w1600,https://cafe.naver.com/ca-fe/ArticleRead.nhn?clubid=10854519&page=1&userDisplay=50&inCafeSearch=true&searchBy=0&query=%EC%8A%A4%EC%BA%A0&includeAll=&exclude=&include=&exact=&searchdate=all&media=0&sortBy=date&articleid=1369299&art=aW50ZXJuYWwtY2FmZS1hcnRpY2xlLXJlYWQtaW5DYWZlLXNlYXJjaC1saXN0.eyJ0eXAiOiJKV1QiLCJhbGciOiJIUzI1NiJ9.eyJjYWZlVHlwZSI6IkNBRkVfSUQiLCJhcnRpY2xlSWQiOjEzNjkyOTksImlzc3VlZEF0IjoxNzUyMDA2NjI3NzUwLCJjYWZlSWQiOjEwODU0NTE5fQ.jNHHMDTtQ-S5gGJkm7hpS-_uCmIBB4hR_m3bHSrKmBY&where=search&referrerAllArticles=true,스캠,2025-07-09 05:42:09,Only the attached file came in the text without any contents of the Tolbi fee.,"I don't have any memories of using the tolls in February, but I recently had a Tolby's unpaid warning in the form of an attached file PDF without a text, and I came to pay for the unpaid fee within 15 days.Or is it 100% fraudcam?",discussion,delivery,doc+sms,API,요금 미납,문자+첨부+첨부파일+파일
1369062,,처음 보는 쇼핑몰에서 이메일이 왔어요,"안녕하세요

​

처음 보는 미국 쇼핑몰에서 다음에 구입할 때 쿠폰을 준다면서 이메일이 와서 이메일 상에 unscribe가 있어서 눌렀어요. forbidden 에러가 떠서 그냥 그대로 두었는데 몇십분 지나니 제 카트에 무슨 제품이 있다면서 이거 보고 있냐는 메일이 왔네요. 

구글에 검색해보니 쇼핑몰 자체는 있는 것 같은데 누군가가 제 이메일을 도용한건지 아니면 홈페이지 자체가 스캠인건지 당황스러운 상황입니다. 

혹시 이럴 경우 어떻게 해야 할지 도움 주시면 감사하겠습니다!",,https://cafe.naver.com/ca-fe/ArticleRead.nhn?clubid=10854519&page=1&userDisplay=50&inCafeSearch=true&searchBy=0&query=%EC%8A%A4%EC%BA%A0&includeAll=&exclude=&include=&exact=&searchdate=all&media=0&sortBy=date&articleid=1369062&art=aW50ZXJuYWwtY2FmZS1hcnRpY2xlLXJlYWQtaW5DYWZlLXNlYXJjaC1saXN0.eyJ0eXAiOiJKV1QiLCJhbGciOiJIUzI1NiJ9.eyJjYWZlVHlwZSI6IkNBRkVfSUQiLCJhcnRpY2xlSWQiOjEzNjkwNjIsImlzc3VlZEF0IjoxNzUyMDA2NjI3NzUwLCJjYWZlSWQiOjEwODU0NTE5fQ.mZLlUFSbBGmaH28gnoYy-dI_eQ_xyG6mn58Te9IJ3sA&where=search&referrerAllArticles=true,스캠,2025-07-09 05:43:33,The email came from the first shopping mall,"hello

​

When I bought it at the first American shopping mall, I got a coupon and the e -mail came and I pressed the unscripe on the e -mail.The forbidden error floated and I left it, but after a few minutes, I had an e -mail saying what the product was on my cart.

When I searched on Google, I think there's a shopping mall itself, but it's embarrassing whether someone has stolen my e -mail or the homepage itself is a scam.

If you do this, please help me what to do!",action_help,job_offer,email,어떻게 해야,페이,메일+이메일
1368617,,이거 스팸인가요?,"​

​

​

​

​

요즘들어 하루에 한번 꼴로 무조건 저런 문자 오던데

제가 쓰는 카드중에 0232로 끝나는 카드번호는 없거든요..

답장도 하지말고 무시하면 될까요?",https://cafeptthumb-phinf.pstatic.net/MjAyNTA0MjRfNzAg/MDAxNzQ1NDQxNjYzNzE3.zvyDLFz88ISXMXk7dWk29_G2g9YhsuSrBFWG-AanQZwg.MwRngv_5KBqatENmTmN4OiRVmWW7wZ9O_IF-i0lFnrgg.JPEG/Screenshot%EF%BC%BF20250423%EF%BC%BF154559%EF%BC%BFMessages.jpg?type=w1600,https://cafe.naver.com/ca-fe/ArticleRead.nhn?clubid=10854519&page=1&userDisplay=50&inCafeSearch=true&searchBy=0&query=%EC%8A%A4%EC%BA%A0&includeAll=&exclude=&include=&exact=&searchdate=all&media=0&sortBy=date&articleid=1368617&art=aW50ZXJuYWwtY2FmZS1hcnRpY2xlLXJlYWQtaW5DYWZlLXNlYXJjaC1saXN0.eyJ0eXAiOiJKV1QiLCJhbGciOiJIUzI1NiJ9.eyJjYWZlVHlwZSI6IkNBRkVfSUQiLCJhcnRpY2xlSWQiOjEzNjg2MTcsImlzc3VlZEF0IjoxNzUyMDA2NjI3NzUwLCJjYWZlSWQiOjEwODU0NTE5fQ.vsImH8hPESute-AqZscZ2BzaCt2yB4xNOtrnG7nAy-0&where=search&referrerAllArticles=true,스캠,2025-07-09 05:44:17,Is this spam?,"​

​

​

​

​

Nowadays, I came to a text like that once a day.

There is no card number that ends with 0232.

Do you want to ignore it without a reply?",scam_check,vishing,sms,API,API,문자
1367631,,identrust 라는곳에서의 메일..,내용을 보니 인증기관? 인것 같은데 만료되기전이니 다시 재인증을 하라는 메일이 계속 와요.이게 스캠일까봐 못 열어보고 있는데...이게 뭔지 아시는분 계신가요?,https://cafeptthumb-phinf.pstatic.net/MjAyNTA0MjFfMjQ3/MDAxNzQ1MjAxNjg2NTEz.h55-jEXCwv76Nxn3DvAO4rGS4kZCIqEVOd06AXPjCpAg.sti4GPTsDfLoEhci--LVpGphdecIgW7zXhmbKi8Cvd8g.JPEG/Screenshot%EF%BC%BF20250420%EF%BC%BF221107%EF%BC%BFNAVER.jpg?type=w1600,https://cafe.naver.com/ca-fe/ArticleRead.nhn?clubid=10854519&page=1&userDisplay=50&inCafeSearch=true&searchBy=0&query=%EC%8A%A4%EC%BA%A0&includeAll=&exclude=&include=&exact=&searchdate=all&media=0&sortBy=date&articleid=1367631&art=aW50ZXJuYWwtY2FmZS1hcnRpY2xlLXJlYWQtaW5DYWZlLXNlYXJjaC1saXN0.eyJ0eXAiOiJKV1QiLCJhbGciOiJIUzI1NiJ9.eyJjYWZlVHlwZSI6IkNBRkVfSUQiLCJhcnRpY2xlSWQiOjEzNjc2MzEsImlzc3VlZEF0IjoxNzUyMDA2NjI3NzUwLCJjYWZlSWQiOjEwODU0NTE5fQ.32vW7abH1UmF8-K1dvaFcj-HsK2LkXHjI9w9WeixLNY&where=search&referrerAllArticles=true,스캠,2025-07-09 05:45:01,Mail in a place called Identrust ..,The contents showed the certification body?I think it's before it expires.,warning,vishing,email,API,API,메일
1367492,,미국인데요 스캠 당한것 같아요.. 카드와 신분증 정보가 유출됐어요ㅠㅠ,"어제 밤에 항공사에 전화를 하려고 구글에서 웹페이지 찾아들어갔는데 그게 비슷한 피싱 사이트였나봐요.

의심없이 고객센터 전화해서 제 항공 예약번호 이티켓번호주고 이름 알려주고 생년월일 주소 다 알려주고 카드넘버도 알려주고(카드 결제도 함) 운전면허증까지 사진 찍어서 보냈어요..

마음이 너무 급했던지라 통화할때는 이상하다는 생각도 못했는데 전화를 끊자마자 뭔가 이상하다는 생각이 들더라구요..

너무 이상해서 다시 공식홈페이지 찾아서 고객센터 번호를 보니 다른 번호인거에요..

소름이 쫙 끼쳐서 새로 찾은 번호로 전화하니 고객센터에서 사기인거 같다고 카드 정지하라고 하더라구요.

카드는 바로 정지하고 아예 리플레이스 신청이 됐는데 펜딩으로 걸려있는 결제는 카드사와 통화해야할거 같아요.

저는 이런 일은 남들한테만 일어나는 일인줄 알았어요.

지금도 생각해보니 어이가 없네요.

개인정보를 너무 많이 요구했는데 그 순간에는 의심도 안했어요. 

이거 경찰에 리포트를 해야하나요?

경험있으신 분 계시나요?

리포트를 해야한다면 어떻게 해야하는지요..ㅠㅠ

그리고 운전면허증 다시 발급받아야 되는건가요?

제 개인정보가 악용될까봐 너무 걱정이에요.

소셜넘버는 안알려줬는데 운전면허증만으로 악용이 가능할까요?

그리고 혹시 크레딧 freeze를 해보신 분 계시나요?

찾아보니 3개 회사에서 모두 하라고 하더라구요.

Equifax, Experian, TransUnion 이렇게요.

도용을 막기위해 신용조회를 못하게 막아놓는거라고 하는데요. 이걸 하면 다른 사람이 새로운 크레딧카드를 만들지못한다고 하더라구요.

혹시 경험 있으신분 계신가요? 

​",,https://cafe.naver.com/ca-fe/ArticleRead.nhn?clubid=10854519&page=1&userDisplay=50&inCafeSearch=true&searchBy=0&query=%EC%8A%A4%EC%BA%A0&includeAll=&exclude=&include=&exact=&searchdate=all&media=0&sortBy=date&articleid=1367492&art=aW50ZXJuYWwtY2FmZS1hcnRpY2xlLXJlYWQtaW5DYWZlLXNlYXJjaC1saXN0.eyJ0eXAiOiJKV1QiLCJhbGciOiJIUzI1NiJ9.eyJjYWZlVHlwZSI6IkNBRkVfSUQiLCJhcnRpY2xlSWQiOjEzNjc0OTIsImlzc3VlZEF0IjoxNzUyMDA2NjI3NzUwLCJjYWZlSWQiOjEwODU0NTE5fQ.FHg6uD5lyitBudn4vynqHdmTuWIun0kuPtM49PWfx4s&where=search&referrerAllArticles=true,스캠,2025-07-09 05:46:25,It's the United States. I think it's scam.,"Last night, I visited the web page on Google to call the airline, and it was a similar phishing site.

Without doubt, I called my aviation reservation number this ticket number, informed my name, informed me of the date of birth, and informed me of the card number (card payment) I took a picture of the driver's license.

I was so urgent that I didn't even think it was strange when I talked, but as soon as I hung up, I thought it was strange.

It was so weird that I found the official website again and looked at the customer center number.

I was creepy and called the new number and told me to stop the card.

The card was immediately stopped and I applied for a leaflet, but I think I should talk to the card company.

I thought this was only happening to others.

I still think about it.

I asked for too much personal information, but I didn't doubt it at that moment.

Do I have to report this to the police?

Are you experienced?

What should I do if I have to report .. ㅠㅠ

And should I get a driver's license again?

I'm so worried that my personal information will be exploited.

I didn't tell you the social number.

And have you ever tried credit freeze?

I found out that all three companies told me to do it.

Equifax, Experian, Transunion.

It is said to prevent credit inquiry to prevent theft.This means that someone else can't make a new credit card.

Have you ever experienced?

​",action_help,vishing,call,어떻게 해야,전화,전화+통화
1366385,,전 재산 날리고 세금 날벼락까지 - 심각한 ‘피싱 사기’ 실태,"전 재산 날리고 세금 날벼락까지

심각한 ‘피싱 사기’ 실태

​

2025-04-16 | 사회 | 황의경 기자 

미주한국일보/뉴욕

[사진]

▶ 주식처분 세금까지 ‘억울’, 은퇴자 불안감 속 주의해야

​

갈수록 정교하고 교묘해지는 수법으로 무장한 ‘피싱’ 사기가 미국 전역에서 기승을 부리고 있는 가운데, 특히 연방기관을 사칭하거나 긴급 상황을 조작해 은퇴자들의 불안심리를 자극하는 사례가 잇따르면서 전 재산을 사기당하는 것은 물론 피해 과정에서 수만 달러에 이르는 세금까지 떠안게 되는 경우도 발생하고 있어 한인들도 각별한 주의가 요구된다.

​

워싱턴주 올림피아에 거주하는 70대 여성이 한평생 일하며 모은 전 재산을 사기범들에게 모두 날리고, 피해 과정에서 수만 달러의 세금까지 부담하게 됐다고 시애틀 지역 방송 킹5(KING 5)가 보도했다.

​

이에 따르면 40년간 공무원으로 일하다 은퇴한 바브 퍼트넘(73)은 지난해 페이스북 메신저에서 의심스러운 링크를 클릭한 뒤 시작된 이른바 ‘테크 스캠’에 속아 은퇴자금 30만 달러를 모두 잃었다.

​

퍼트넘은 지난해 7월 페이스북을 사용하던 중 메신저 바로가기인 줄 알고 의심스러운 링크를 클릭했고, 이후 컴퓨터가 갑자기 꺼지며 작동을 멈췄다. 화면에는 시스템이 손상됐다는 경고 메시지가 반복적으로 뜨기 시작했고, 메시지에 표시된 ‘마이크로소프트 기술 지원팀’으로 전화를 걸었다. 전화를 받은 이는 마이크로소프트 기술자를 사칭한 사기범이었다.

​

사기범은 퍼트넘에게 “당신의 계정이 아동 음란물 거래에 사용되고 있다”며 FBI 수사관과 연락하라고 또 다른 번호를 줬다. 이어 연결된 또 다른 사기범은 FBI 수사관을 사칭하며 “계정이 범죄에 연루되지 않았다는 것을 증명하고 보호를 받기 위해서는 보유 중인 자산을 모두 현금화해 특정 계좌로 옮겨야 한다”고 지시했다.

​

퍼트넘 씨는 의심 없이 이들의 지시에 따라 은퇴 자금 30만 달러 전액을 인출해 해당 계좌로 이체했고, 이후 금화로 바꿔 지정된 장소에 전달하면서 결국 전 재산을 모두 잃게 됐다는 것이다.

​

그러나 그녀의 피해는 여기서 끝나지 않았다. 그녀를 더욱 좌절시킨 것은 올해 3월 연방 국세청(IRS)으로부터 날아온 3만 달러의 세금고지서였다. 사기범들의 지시에 따라 은퇴 자금을 주식에서 현금화하는 과정에서 회계상 약 24만3,000달러의 수익이 발생한 것으로 간주돼 세금이 부과된 것이다.

​

퍼트넘은 “수익이 난 게 아니라 사기를 당한 건데, 세금까지 내라니 말도 안 된다”며 “설령 사기 피해를 입증해도 이 세금을 감면받을 수 있을지 모르겠다”고 토로했다.

​

한편 퍼트넘의 사례처럼 컴퓨터 해킹을 악용한 ‘테크 스캠’ 외에도, 영사관을 사칭한 피싱 사기가 미주 한인들을 겨냥해 확산되면서 주의가 필요하다는 목소리가 커지고 있다.

​

대표적인 수법은 한국 공관 대표번호로 발신번호를 위장한 뒤, 영사를 사칭해 “한국에서 구속영장이 발부됐다”며 피싱 앱 설치나 가짜 사이트 접속을 유도하는 방식이다. 사기범들은 실제 공관 전화번호를 사용하고, 공식 사이트와 흡사한 가짜 웹페이지를 만들어 피해자들이 쉽게 속아 넘어가도록 만든다.

​

이에 대해 한국 외교부는 공지를 통해 “대사관 출두를 요구한 뒤 담당자를 바꿔가며 개인정보를 빼내는 수법이 사용되고 있다”고 밝혔다. 외교부는 “한국 공관은 전화나 온라인을 통해 개인정보나 금융정보를 요구하지 않는다”고 강조했다.

​

<뉴욕 황의경 기자>",http://image.koreatimes.com/article/2025/04/16/20250416064649671.jpg#W%5B600%5DH%5B360%5DP%5B0%5D,https://cafe.naver.com/ca-fe/ArticleRead.nhn?clubid=10854519&page=1&userDisplay=50&inCafeSearch=true&searchBy=0&query=%EC%8A%A4%EC%BA%A0&includeAll=&exclude=&include=&exact=&searchdate=all&media=0&sortBy=date&articleid=1366385&art=aW50ZXJuYWwtY2FmZS1hcnRpY2xlLXJlYWQtaW5DYWZlLXNlYXJjaC1saXN0.eyJ0eXAiOiJKV1QiLCJhbGciOiJIUzI1NiJ9.eyJjYWZlVHlwZSI6IkNBRkVfSUQiLCJhcnRpY2xlSWQiOjEzNjYzODUsImlzc3VlZEF0IjoxNzUyMDA2NjI3NzUwLCJjYWZlSWQiOjEwODU0NTE5fQ.W8eYVCstmSmB4jCQo3ibvJMtRh5oWuGjGP1PV53ecYc&where=search&referrerAllArticles=true,스캠,2025-07-09 05:47:10,All property is blowing up to the thunderbolt -serious phishing fraudulent status,"All your property is blowing up to the thunderbolt

Serious phishing scam

​

2025-04-16 |Society |Reporter Hwang Eui -kyung

American Hankook Ilbo/New York

[picture]

▶ You must be careful with 'unfortunate', unfortunate retirement tax.

​

Armed with increasingly sophisticated and tricky techniques, the phishing fraud is on the rise, especially in the United States, especially in the case of impersonating federal or manipulating emergency situations, and stimulating the anxiety of retirees, and being fraudulent with all property, as well as taxes of tens of thousands of dollars in the damage process.It is required.

​

A woman in her 70s who lives in Olympia, Washington, has been working for a lifetime, and all of her collected property was blown away by fraudsmen and paid tens of thousands of dollars in the damage process, King 5, Seattle, reported.

​

According to the report, Bab Partham (73), who retired after working as a civil servant for 40 years, lost all $ 300,000 in retirement funds, deceived by the so -called 'Tech Scam', which began after clicking on suspicious links in Facebook Messenger last year.

​

Putum clicked on suspicious links, knowing that it was a messenger shortcut while using Facebook in July last year, and then the computer suddenly turned off and stopped working.On the screen, a warning message that the system was damaged began to appear repeatedly, and I called the Microsoft Technical Support Team in the message.The person who received the phone was a fraudster who impersonated Microsoft technicians.

​

The fraudster gave Puttham a different number to contact the FBI investigator, saying, ""Your account is used for child pornography.""Another scammer who was connected to the FBI investigator impersonated the FBI investigator and instructed it to prove that the account was not involved in the crime and to be protected to cash all the assets they had and move them to a specific account.

​

Puttham, without doubt, withdraws the entire $ 300,000 retirement fund and transferred to the account.

​

But her damage did not end here.It was a $ 30,000 tax bill that flew from the Federal Tax Service (IRS) in March of this year.According to the instructions of frauds, taxes were charged because of the accounting of about $ 243,000 in accounting in the process of cashing retirement funds in stocks.

​

Puttham said, ""It's not profitable, but it's fraudulent, but it's ridiculous to pay taxes.""

​

Meanwhile, in addition to the “Tech Scam” that exploited computer hacking, as in Puttham's case, there is a growing voice as the phishing fraud, which impersonated the consulate, spreads to the Korean American Koreans.

​

The representative technique is the representative number of the Korean mission, and after disguising the calling number, it impersonates the consul and said, ""The arrest warrant has been issued in Korea.""The fraudsmen use the actual mission phone number and create a fake web page similar to the official site to make the victims easily deceived.

​

In response to this, the Korea Foreign Ministry said, “The technique is to be used to change the person in charge after requesting the appearance of the embassy.”The Ministry of Foreign Affairs emphasized that ""the Korean mission does not require personal information or financial information through telephone or online.""

​

<Reporter Hwang Eui -kyung, New York>",warning,vishing,app+call+chat_app+link+sms,API,전화,라인+링크+메시지+메신저+앱 설치+전화
1362066,,USPS (우체국) 사칭 스캠 주의하세요.,"이런 스캠 문자 오는 시점이 기가막히게도 내가 뭔가를 기다리고 있을때라 각별한 주의가 필요합니다.

갱신된 여권 priority mail로 발송되었다는 이메일 받은 바로 다음날 이 문자가 오더군요.

링크에 접속하는 것으로는 큰 문제는 없어보이는데 마지막 단계에서 $0.50 정도의 소액 결제를 유도하니 카드 정보등은 입력하지 마세요.

여권은 그 다음날 잘 도착했습니다.","https://cafeptthumb-phinf.pstatic.net/MjAyNTA0MDRfOTMg/MDAxNzQzNzIyNjI4MTcx.ePAQKx7kolAbfuRrCd56o_YCcxMbieOxk3C8R4weQOYg.WMLvAjPxsrq7FTIXY8VoGtdnokSNSPBXFLx4hJXHxGwg.JPEG/001.jpg?type=w1600,https://cafeptthumb-phinf.pstatic.net/MjAyNTA0MDRfMjcx/MDAxNzQzNzIyNjI4MTkz.loek06zgg9nQVpPLrh2JUZzfuyz7yTBz4KVMWZls-gUg.-NvOkY7fqBSRTA1UGYQEXR5xvCG-xG4w3NJat4KVsLMg.JPEG/002.jpg?type=w1600",https://cafe.naver.com/ca-fe/ArticleRead.nhn?clubid=10854519&page=1&userDisplay=50&inCafeSearch=true&searchBy=0&query=%EC%8A%A4%EC%BA%A0&includeAll=&exclude=&include=&exact=&searchdate=all&media=0&sortBy=date&articleid=1362066&art=aW50ZXJuYWwtY2FmZS1hcnRpY2xlLXJlYWQtaW5DYWZlLXNlYXJjaC1saXN0.eyJ0eXAiOiJKV1QiLCJhbGciOiJIUzI1NiJ9.eyJjYWZlVHlwZSI6IkNBRkVfSUQiLCJhcnRpY2xlSWQiOjEzNjIwNjYsImlzc3VlZEF0IjoxNzUyMDA2NjI3NzUwLCJjYWZlSWQiOjEwODU0NTE5fQ.aSDBs7F8k3ZqTuyZYkvlfH3VYSp6cfuw6KWiHSwGF-c&where=search&referrerAllArticles=true,스캠,2025-07-09 05:47:54,Please note that USPS (Post Office) impersonation scam.,"This scam text is amazing when I'm waiting for something.

The day after the e -mail was sent to the renewed passport Priority Mail, the text came.

There is no big problem to connect to the link, but in the final stage, it induces a small payment of about $ 0.50, so do not enter card information.

The passport arrived well the next day.",warning,delivery,email+link+sms,주의하세요,usps,링크+메일+문자+이메일
1362038,,미국의 스캠 메일(우편) - 도요타 워런티 사칭 주의,"안녕하세요!

​

미국에 온지 얼마안됐는데.. 한국에는 보이스피싱이 있다면 미국에는 아직도 이렇게 진짜 우편으로 보내는 스캠메일이 상상 이상으로 많네요 

​

우편 보고 처리기한 날짜까지 박혀있어서 

전혀 의심없이 전화까지 걸었습니다 

현재 몇마일 찍혀있는지 확인까지해서요;;

​

통화해보니 approval number부르면서 확인하는척하고 

몇마일 뛰었는지 물어보고 (31,170?정도) 

32,000마일까지만 커버되고 너의 워런티가 expire되니 

워런티 연장하기 위해 돈을 내라 

​

비자카드 마스터카드 있다 이렇게 바로 넘어가더라고요 

​

근데 저는 도요타에서 Certified Used Car Gold Certificate 되는걸로 중고차 구매를 했었고 

그와 별도로 Wear and tear 항목 커버되는 워런티도 결제를 했었는데 또 워런티 돈을 내라니 이상해서 

다 커버하는걸로 이미 돈을 냈는데 왜 또 돈내라하냐 

더이상 돈낼 생각없다 이러고 일단 끊고 (다행이에요)

​

마침 임시번호판 교체를 헤야돼서 저희 구매한 딜러샵 가서 물어봤는데 보자마자 스캠이라고 하더라고요 

​

그말을 들으니 너무 어이가.. ㅋㅋㅋ

도요타 로고 없고 Toyota of Cedarpark(제가 산 지점 이름) 이렇데 되있지않으면 다 스캠이라고..;;

​

​

돈 안낸건 다행이지만 생각해보니 이상한점이 많더라고요 

통화녹음 다시 들어보니 심지어 다달이 180불씩 24개월 내는 거였는데 ㅋㅋㅋㅋㅋ진짜 나쁜놈들입니다 ㅋㅋ 

​

이게 첫번째 여서 깜빡 속았는데 

이런메일 일주일에 두개씩 와요;; 되게 정성스럽게 된것도 있고 진짜 허접한것도 있고 

​

제가 산 모델, 연식 다 정확하게 우리 이름, 주소로 편지가 오니까 어디서 이런 정보가 유출되나했는데 DMV에 뜨는 리스트를 가지고 스캠메일 보내는거같다 했어요 

​

피해보시는 분들이없길 바랍니다!

​

​",https://cafeptthumb-phinf.pstatic.net/MjAyNTA0MDRfMjE3/MDAxNzQzNzEzNTI2MTYw.YHJ56e7FGEtIW6ixmKcVsxn9jyb3xkGZi7utVM_BsT8g.LGXVDGlgwGBOU1uTZEk4omHF3ihZAA49S6BnWeaNP3Mg.JPEG/IMG_0337.JPG?type=w1600,https://cafe.naver.com/ca-fe/ArticleRead.nhn?clubid=10854519&page=1&userDisplay=50&inCafeSearch=true&searchBy=0&query=%EC%8A%A4%EC%BA%A0&includeAll=&exclude=&include=&exact=&searchdate=all&media=0&sortBy=date&articleid=1362038&art=aW50ZXJuYWwtY2FmZS1hcnRpY2xlLXJlYWQtaW5DYWZlLXNlYXJjaC1saXN0.eyJ0eXAiOiJKV1QiLCJhbGciOiJIUzI1NiJ9.eyJjYWZlVHlwZSI6IkNBRkVfSUQiLCJhcnRpY2xlSWQiOjEzNjIwMzgsImlzc3VlZEF0IjoxNzUyMDA2NjI3NzUwLCJjYWZlSWQiOjEwODU0NTE5fQ.rUvikbxRgE8Kr-hY-HEJcE3f3bnLO7Giwbsa98H1nFY&where=search&referrerAllArticles=true,스캠,2025-07-09 05:48:39,American scammail (mail) -Toyota warranty impersonation,"hello!

​

It's been a while since I have been in the United States.

​

It is embedded until the date of mail reporting machine

I walked to the phone without any doubt

I even check how many miles are currently stamped ;;

​

When I talked, I pretended to check by singing Approval Number

Asked how many miles you played (31,170?)

Only 32,000 miles are covered and your warranty is expired

Make money to extend the warranty

​

Visa Card Master Card

​

But I bought used cars in Toyota for being a Certified used car gold certificate.

Separately, I paid for a warranty that covers the Wear and Tear item.

I already paid money by covering everything, but why are you paying for it again?

I don't want to pay anymore and stop it (I'm glad)

​

I had to replace the temporary license plate, so I went to the dealer shop that I bought and asked.

​

It's so hey to hear that ...

There is no Toyota logo and Toyota of Cedarpark

​

​

I'm glad I didn't have money, but when I thought about it, there were a lot of strange points.

When I listened to the call recording again, I even spent 24 months a month, but it was really bad guys ㅋㅋ ㅋㅋㅋ

​

I forgot because this was the first time

Come two e -mails a week ;;Some have become very careful, and there are some real things

​

I bought a model, a year, and the letter came to our name and address, so I said this information was leaked.

​

I hope no one can avoid it!

​

​",warning,delivery,call+email,API,우편,메일+전화+통화
1359886,,온라인 기프트카드 구입 어떻게?,"타주에 계신분께 기프트카드 보내드리고 싶는데 

주소를 몰라서 카톡이나 이메일로 보낼수 있는 방법이 있을까요?",,https://cafe.naver.com/ca-fe/ArticleRead.nhn?clubid=10854519&page=1&userDisplay=50&inCafeSearch=true&searchBy=0&query=%EC%8A%A4%EC%BA%A0&includeAll=&exclude=&include=&exact=&searchdate=all&media=0&sortBy=date&articleid=1359886&art=aW50ZXJuYWwtY2FmZS1hcnRpY2xlLXJlYWQtaW5DYWZlLXNlYXJjaC1saXN0.eyJ0eXAiOiJKV1QiLCJhbGciOiJIUzI1NiJ9.eyJjYWZlVHlwZSI6IkNBRkVfSUQiLCJhcnRpY2xlSWQiOjEzNTk4ODYsImlzc3VlZEF0IjoxNzUyMDA2NjI3NzUwLCJjYWZlSWQiOjEwODU0NTE5fQ.oX4h5I_vPpjWsKu6QvPa_kuwxjZnAmHz1ei-wLS1RcM&where=search&referrerAllArticles=true,스캠,2025-07-09 05:50:03,How to buy an online gift card?,"I want to send a gift card to the person who is in another state

Is there a way to send it by katok or email because I don't know the address?",action_help,other,chat_app+email,API,API,라인+메일+이메일+카톡
1357718,,주문하지 않은 아마존 택배가 왔어요.,"오늘 갑자기 택배를 받았는데요 

제가 주문한 물건이 아닌데 송장에 제 이름과 주소가 떡 하니 적혀있어요 ;;;; 

봉투 상태를 보아하니 다른 지역 다른 사람에게 갔던 그 송장 위에 그대로 제 이름이 적힌 송장이 붙어있네요

제 주문이 아니라 반품신청도 안되는거고 

이름은 어떻게 알아서 보내논건지 ; 이런거 어떻게 처리해야 하나요? 

​

​",,https://cafe.naver.com/ca-fe/ArticleRead.nhn?clubid=10854519&page=1&userDisplay=50&inCafeSearch=true&searchBy=0&query=%EC%8A%A4%EC%BA%A0&includeAll=&exclude=&include=&exact=&searchdate=all&media=0&sortBy=date&articleid=1357718&art=aW50ZXJuYWwtY2FmZS1hcnRpY2xlLXJlYWQtaW5DYWZlLXNlYXJjaC1saXN0.eyJ0eXAiOiJKV1QiLCJhbGciOiJIUzI1NiJ9.eyJjYWZlVHlwZSI6IkNBRkVfSUQiLCJhcnRpY2xlSWQiOjEzNTc3MTgsImlzc3VlZEF0IjoxNzUyMDA2NjI3NzUwLCJjYWZlSWQiOjEwODU0NTE5fQ.mPn0AMDN5kwaX9ZKs4aVY0NSSFBkI0CCeW3MUCKwRow&where=search&referrerAllArticles=true,스캠,2025-07-09 05:51:27,Amazon courier has not ordered.,"I suddenly got a courier today

It's not what I ordered, but my name and address are written in the invoice ;;;;

Looking at the envelope, there is a invoice with my name on the invoice that I went to another person other people.

I can't apply for a return, not my order.

How do you take care of your name?How should I handle this?

​

​",action_help,delivery,payment_platform,어떻게 처리,택배,API
1357288,,"이게 뭘까요,,? 결제 되었다는 이멜이 왔는데",,https://cafeptthumb-phinf.pstatic.net/MjAyNTAzMjFfMTQ0/MDAxNzQyNDg4NzIwMTg0.ggqALiNbSfl7Bi97FFWwWEPp9xtRQ4bh3OIWKsI8mckg.9ll--5uJs5ZwQSI_HH2w073nSN_cunpOL6f_dOUYTHUg.JPEG/IMG_6991.jpg?type=w1600,https://cafe.naver.com/ca-fe/ArticleRead.nhn?clubid=10854519&page=1&userDisplay=50&inCafeSearch=true&searchBy=0&query=%EC%8A%A4%EC%BA%A0&includeAll=&exclude=&include=&exact=&searchdate=all&media=0&sortBy=date&articleid=1357288&art=aW50ZXJuYWwtY2FmZS1hcnRpY2xlLXJlYWQtaW5DYWZlLXNlYXJjaC1saXN0.eyJ0eXAiOiJKV1QiLCJhbGciOiJIUzI1NiJ9.eyJjYWZlVHlwZSI6IkNBRkVfSUQiLCJhcnRpY2xlSWQiOjEzNTcyODgsImlzc3VlZEF0IjoxNzUyMDA2NjI3NzUwLCJjYWZlSWQiOjEwODU0NTE5fQ.hj-dAGn0Jc-nfBS0XuQ6EQzpcat2yhD9ae5zW08Zyng&where=search&referrerAllArticles=true,스캠,2025-07-09 05:52:15,"What is this ,,?I came with Emel that it was paid",,action_help,investment,email,API,결제,API
1354754,,Sameday health 2021년에 한 코로나 테스트 빌이 날아오네요,권한부족,,https://cafe.naver.com/ca-fe/ArticleRead.nhn?clubid=10854519&page=1&userDisplay=50&inCafeSearch=true&searchBy=0&query=%EC%8A%A4%EC%BA%A0&includeAll=&exclude=&include=&exact=&searchdate=all&media=0&sortBy=date&articleid=1354754&art=aW50ZXJuYWwtY2FmZS1hcnRpY2xlLXJlYWQtaW5DYWZlLXNlYXJjaC1saXN0.eyJ0eXAiOiJKV1QiLCJhbGciOiJIUzI1NiJ9.eyJjYWZlVHlwZSI6IkNBRkVfSUQiLCJhcnRpY2xlSWQiOjEzNTQ3NTQsImlzc3VlZEF0IjoxNzUyMDA2NjI3NzUwLCJjYWZlSWQiOjEwODU0NTE5fQ.rAb2jsZVUVXF2UaElxSPRUdM7ObznU0-refiapUVays&where=search&referrerAllArticles=true,스캠,2025-07-09 05:52:22,SAMEDAY HEALTH A Corona Testville is flying in 2021,Lack of authority,scam_check,other,in_person,API,API,API
1354442,,자동차 보증 연장하라는데 이렇게 하는 게 맞나요? (혹시 보이스피싱?),"얼마전에 중고차를 샀고 

제 주소를 어떻게 알았는지 차 제조사 판매업체(?)로부터 우편이 왔습니다.

​

제 차의 보증 기한이 다 되어 가니 며칠까지 연락주지 않으면 

재정적 손실이 있을 수 있으니 거기에 적혀 있는 연락처로 연락을 달라는 거예요.

​

저는 자동차 보험도 들었고

굳이 제조사 보증을 받을 필요가 있을까 싶었지만

일단 전화는 한번 걸어보기로 했어요.

​

전화 걸었더니 제 마일리지를 알려달라고 하더라구요.

그리고 조회해보겠다더니

​

축하한다면서

제 차 inspection 없이 보증 기한을 연장해주겠다는 겁니다.

그러면서 500달러 정도의 deposit을 내라길래

deposit이면 언제 돌려주는 거냐고 했더니

이 건 돌려주는 게 아니고

​

deposit을 내야지 보증 기한 연장 행정 절차를 진행할 수 있고

deposit 낸 날로부터 30일 이내에 보증 기한 연장을 거절하면 deposit을 돌려준다고 해요.

​

뭔가 좀 찜찜해서 생각해보겠다니까

financial assistant에게 연결해주겠다내요.

​

그리고 그 financial assitant가 '300달러로 낮춰주는 대신 monthly payment가 있다.

이건 금액을 낮춰주는 거니까 너한테 유리한 거다' 라면서 자꾸 신용카드로 결제를 하라더라구요.

​

그래서 제가

이런 결정을 이렇게 전화로 단번에 할 수 없으니 찾아가겠다니까

자기 사무소는 저 다른 주에 있고 전화로만 이런 서비스를 제공한다고 하내요.

​

그럼 생각해보고 다시 연락을 주겠다니까

그럴 수 없다고 지금 결정해야 한다고

차 사고 난 뒤에 보장하는 데가 어디있냐 내요.

​

하도 어이 없어서 시간을 안 주고 전화로 결제하라는 것이 어디 있냐고 따졌더니

자기 이야기하다가 끊어 버리네요.

​

뭔가 보이스피싱 같기도 하고....

​

이런 일 당해보신 분 계신가요?",,https://cafe.naver.com/ca-fe/ArticleRead.nhn?clubid=10854519&page=1&userDisplay=50&inCafeSearch=true&searchBy=0&query=%EC%8A%A4%EC%BA%A0&includeAll=&exclude=&include=&exact=&searchdate=all&media=0&sortBy=date&articleid=1354442&art=aW50ZXJuYWwtY2FmZS1hcnRpY2xlLXJlYWQtaW5DYWZlLXNlYXJjaC1saXN0.eyJ0eXAiOiJKV1QiLCJhbGciOiJIUzI1NiJ9.eyJjYWZlVHlwZSI6IkNBRkVfSUQiLCJhcnRpY2xlSWQiOjEzNTQ0NDIsImlzc3VlZEF0IjoxNzUyMDA2NjI3NzUwLCJjYWZlSWQiOjEwODU0NTE5fQ.Q7OBArTKdap7DDreQlIZN1hrBQmeFs1pUv8QnAD8Ubg&where=search&referrerAllArticles=true,스캠,2025-07-09 05:53:54,Is it right to do this?(Do you have voice phishing?),"I bought a used car a while ago

How did you know my address came from a car manufacturer (?).

​

If my car's warranty deadline is over,

There may be financial losses, so you can contact you with your contacts.

​

I also paid auto insurance

I wanted to get a manufacturer guarantee, but

I decided to call the phone once.

​

When I called, I asked for my mileage.

And I tried to look up

​

Congratulations

I will extend the warranty deadline without my Inspection.

Then I would pay about $ 500

When it was deposit, I told you when it was returned

This is not returned

​

You have to take the deposit, you can proceed with the extension of the guarantee.

If you refuse to extend the warranty within 30 days from the date of deposit, it will return the deposit.

​

I'll think about something a little steamed

I will connect to Financial Assistant.

​

And the Financial Assitant is Monthly Payment instead of lowering it to $ 300.

This is a low amount of money, so it's advantageous to you. '

​

So I

I can't make this decision by phone like this, so I will visit you

Self office is said to be in other states and only provides this service by phone.

​

Then I will think and contact me again

I have to decide now

Where is it to guarantee after a car?

​

Even though it was ridiculous, I didn't pay time and asked me to pay by phone.

I'm cut off while talking.

​

Something like voice phishing ....

​

Have you ever been like this?",action_help,delivery,call,API,우편,전화
1353863,,스캠 의심글 신고,"글 작성자 방문 1 첫번째 글

댓글작성자 방문 1 첫번째 댓글

글 작성시간 댓글 작성시간 10:11. 1분도 안되서 짠듯이 댓글달림

다른 사람이 훼방 못놓도록 댓글쓰기 막아둠","https://cafeptthumb-phinf.pstatic.net/MjAyNTAzMTJfMTM1/MDAxNzQxNzA1NjU5MDc4._0qhWAmGRqndSJ8RlT8hUnIPP8bU64lF_yBirh11Q0wg.9XZwsXei1oIO38iOb45_pYU6pjnXuFRh2R80VbFBfJEg.PNG/IMG_5005.PNG?type=w1600,https://cafeptthumb-phinf.pstatic.net/MjAyNTAzMTJfMTA2/MDAxNzQxNzA1NjU4Nzk5.ZAEA02qgnhcke7SA8lXEijRrwTfULJyxc4CBRoO1zTEg.hbs0RQ7f_2_jIvWE67Dwowf1WolC8tXyu2-qf8NhN8Ug.PNG/IMG_5006.PNG?type=w1600",https://cafe.naver.com/ca-fe/ArticleRead.nhn?clubid=10854519&page=1&userDisplay=50&inCafeSearch=true&searchBy=0&query=%EC%8A%A4%EC%BA%A0&includeAll=&exclude=&include=&exact=&searchdate=all&media=0&sortBy=date&articleid=1353863&art=aW50ZXJuYWwtY2FmZS1hcnRpY2xlLXJlYWQtaW5DYWZlLXNlYXJjaC1saXN0.eyJ0eXAiOiJKV1QiLCJhbGciOiJIUzI1NiJ9.eyJjYWZlVHlwZSI6IkNBRkVfSUQiLCJhcnRpY2xlSWQiOjEzNTM4NjMsImlzc3VlZEF0IjoxNzUyMDA2NjI3NzUwLCJjYWZlSWQiOjEwODU0NTE5fQ.JQ0ToiVkU3-ZIwehjcJ5mRYEky80Bi9ovO1X_KXZ9AQ&where=search&referrerAllArticles=true,스캠,2025-07-09 05:54:38,Report suspicion of scam,"Writer Visit 1 First Post

Comment Author Visit 1 First Comment

Writing Time Comment Writing Time 10:11.Comment as if it's less than a minute

Preventing comments to prevent others from dismissing",warning,other,in_person,API,API,방문
1353391,,이거 스캠인가요..?,저번주였나 이런 설문조사 하라고 이메일이 와서 스캠인줄 알고 무시했는데 방금 또 왔네요…. 이거 혹시 진짜일까요…??,"https://cafeptthumb-phinf.pstatic.net/MjAyNTAzMTBfMjM4/MDAxNzQxNjE4Mjg4MDAy.aGPs3wqH2pkCKCFQgv8hSm2GLEV9NVqudv-p_DjxKW0g.xeN9Aqbl-m2V2i7aE5NssxIa6L0Mq3QtdIaVDFr6NUUg.PNG/IMG_4089.PNG?type=w1600,https://cafeptthumb-phinf.pstatic.net/MjAyNTAzMTBfNzIg/MDAxNzQxNjE4Mjg4MjEy.SV7wLvlkjiNPkDNKCxd0qaR0RFMBE7Rt4EVgUOPFpOAg.X48AADDtsS4J6w4NhxaCoAoWHekdOe1LhWWUmjn63Psg.PNG/IMG_4090.PNG?type=w1600,https://cafeptthumb-phinf.pstatic.net/MjAyNTAzMTBfNjYg/MDAxNzQxNjE4Mjg4NTg4.8YW0DXKsqz3F0NYg_Rx21A0LZMBMVLDHHKxkbYUVGjgg.TAO13aE5uTWOCXcCTCNhDjD8TvZ7KmPL8oaiPjSzpP8g.PNG/IMG_4091.PNG?type=w1600",https://cafe.naver.com/ca-fe/ArticleRead.nhn?clubid=10854519&page=1&userDisplay=50&inCafeSearch=true&searchBy=0&query=%EC%8A%A4%EC%BA%A0&includeAll=&exclude=&include=&exact=&searchdate=all&media=0&sortBy=date&articleid=1353391&art=aW50ZXJuYWwtY2FmZS1hcnRpY2xlLXJlYWQtaW5DYWZlLXNlYXJjaC1saXN0.eyJ0eXAiOiJKV1QiLCJhbGciOiJIUzI1NiJ9.eyJjYWZlVHlwZSI6IkNBRkVfSUQiLCJhcnRpY2xlSWQiOjEzNTMzOTEsImlzc3VlZEF0IjoxNzUyMDA2NjI3NzUwLCJjYWZlSWQiOjEwODU0NTE5fQ.59WXNTczsJt36WtVYUNNvV08X8JI2Gcgo9uJj3i-V6U&where=search&referrerAllArticles=true,스캠,2025-07-09 05:55:22,Is this a scam?,"It was last week, but I ignored the e -mail to see a survey..Is this really real…??",scam_check,impersonation,email,스캠인가요,API,메일+이메일
1352866,,이런문자는 100프로 스캠이겠죠? 여행 후 톨비,"​

아무리봐도 톨비는 엔터프라이즈에서 전부 납부한거 같은데

이런문자가 옵니다...","https://cafeptthumb-phinf.pstatic.net/MjAyNTAzMDlfMjM1/MDAxNzQxNTA5MTA4NjA3.Nvfpbe3wIANu0MDAFdW5-aISNfmBRy2jCGvpLoRAFWUg.LxMHV64lQfBQnohwZXhrGVEc_m_6kCqU1OhkaMyHl44g.JPEG/IMG_6278.jpeg?type=w1600,https://cafeptthumb-phinf.pstatic.net/MjAyNTAzMDlfMTAz/MDAxNzQxNTA5MTA5MTMw.mRBl-vHLLLG6-dx8atFRtYtMYR4zWXglf1mViX_su2cg.Gn-vBBBNmWYvq1_FoOBM-astuSgQb6I16weduqVoYtQg.PNG/IMG_6279.png?type=w1600,https://cafeptthumb-phinf.pstatic.net/MjAyNTAzMDlfMTcy/MDAxNzQxNTA5MTA4NTYy.0b-RgIaBH3a7IXY5dezlilGJ6lPMqGDctoUoowwOMiwg.8CANiWwqqUD54dQxUG7igOtoDT_fCGb6wkdFA8-z980g.JPEG/IMG_6280.jpeg?type=w1600",https://cafe.naver.com/ca-fe/ArticleRead.nhn?clubid=10854519&page=1&userDisplay=50&inCafeSearch=true&searchBy=0&query=%EC%8A%A4%EC%BA%A0&includeAll=&exclude=&include=&exact=&searchdate=all&media=0&sortBy=date&articleid=1352866&art=aW50ZXJuYWwtY2FmZS1hcnRpY2xlLXJlYWQtaW5DYWZlLXNlYXJjaC1saXN0.eyJ0eXAiOiJKV1QiLCJhbGciOiJIUzI1NiJ9.eyJjYWZlVHlwZSI6IkNBRkVfSUQiLCJhcnRpY2xlSWQiOjEzNTI4NjYsImlzc3VlZEF0IjoxNzUyMDA2NjI3NzUwLCJjYWZlSWQiOjEwODU0NTE5fQ.SCH53jIZtMme4Fip7VKJT-CeWLLSlaac4vV07yCmqcA&where=search&referrerAllArticles=true,스캠,2025-07-09 05:56:07,"These characters are 100 Pro Scams, right?Tolbi after travel","​

No matter how much I look at it, I think Tolbi paid all of the enterprise

There is a character like this ...",scam_check,impersonation,sms,API,API,문자
